city,iso_year,iso_week,start_date,end_date,min_temp,max_temp,avg_temp,mortality
Madrid (Comunidad de Madrid),2022,1,2022-01-03,2022-01-09,-0.2,13.8,6.7,1153
Madrid (Comunidad de Madrid),2022,2,2022-01-10,2022-01-16,-0.5,15.5,6.7,1245
Madrid (Comunidad de Madrid),2022,3,2022-01-17,2022-01-23,0.4,12.5,5.8,1192
Madrid (Comunidad de Madrid),2022,4,2022-01-24,2022-01-30,2.3,16.0,8.0,1165
Madrid (Comunidad de Madrid),2022,5,2022-01-31,2022-02-06,1.2,18.6,10.0,1176
Madrid (Comunidad de Madrid),2022,6,2022-02-07,2022-02-13,2.8,16.8,10.2,1073
Madrid (Comunidad de Madrid),2022,7,2022-02-14,2022-02-20,1.9,18.1,9.4,937
Madrid (Comunidad de Madrid),2022,8,2022-02-21,2022-02-27,4.6,19.5,10.6,920
Madrid (Comunidad de Madrid),2022,9,2022-02-28,2022-03-06,3.6,17.2,9.5,980
Madrid (Comunidad de Madrid),2022,10,2022-03-07,2022-03-13,4.2,14.8,9.2,931
Madrid (Comunidad de Madrid),2022,11,2022-03-14,2022-03-20,5.2,16.4,11.4,912
Madrid (Comunidad de Madrid),2022,12,2022-03-21,2022-03-27,6.4,13.8,10.2,854
Madrid (Comunidad de Madrid),2022,13,2022-03-28,2022-04-03,0.9,17.3,9.4,837
Madrid (Comunidad de Madrid),2022,14,2022-04-04,2022-04-10,0.1,22.5,11.4,893
Madrid (Comunidad de Madrid),2022,15,2022-04-11,2022-04-17,6.0,26.4,16.0,880
Madrid (Comunidad de Madrid),2022,16,2022-04-18,2022-04-24,4.2,25.8,11.4,873
Madrid (Comunidad de Madrid),2022,17,2022-04-25,2022-05-01,8.1,25.5,16.1,878
Madrid (Comunidad de Madrid),2022,18,2022-05-02,2022-05-08,10.2,26.6,16.6,848
Madrid (Comunidad de Madrid),2022,19,2022-05-09,2022-05-15,13.7,29.5,21.8,898
Madrid (Comunidad de Madrid),2022,20,2022-05-16,2022-05-22,13.3,33.5,23.6,892
Madrid (Comunidad de Madrid),2022,21,2022-05-23,2022-05-29,9.4,32.6,20.5,888
Madrid (Comunidad de Madrid),2022,22,2022-05-30,2022-06-05,13.0,29.7,21.5,859
Madrid (Comunidad de Madrid),2022,23,2022-06-06,2022-06-12,15.7,36.8,25.9,924
Madrid (Comunidad de Madrid),2022,24,2022-06-13,2022-06-19,18.8,38.9,30.0,1201
Madrid (Comunidad de Madrid),2022,25,2022-06-20,2022-06-26,12.9,28.1,21.0,1037
Madrid (Comunidad de Madrid),2022,26,2022-06-27,2022-07-03,14.7,35.1,25.1,1076
Madrid (Comunidad de Madrid),2022,27,2022-07-04,2022-07-10,17.4,37.7,27.7,1156
Madrid (Comunidad de Madrid),2022,28,2022-07-11,2022-07-17,23.8,40.7,32.1,1298
Madrid (Comunidad de Madrid),2022,29,2022-07-18,2022-07-24,20.8,39.6,30.1,1315
Madrid (Comunidad de Madrid),2022,30,2022-07-25,2022-07-31,21.2,38.2,29.6,1085
Madrid (Comunidad de Madrid),2022,31,2022-08-01,2022-08-07,22.8,38.4,30.7,1116
Madrid (Comunidad de Madrid),2022,32,2022-08-08,2022-08-14,18.1,37.0,28.7,1054
Madrid (Comunidad de Madrid),2022,33,2022-08-15,2022-08-21,15.1,36.7,24.5,860
Madrid (Comunidad de Madrid),2022,34,2022-08-22,2022-08-28,19.8,36.6,27.8,905
Madrid (Comunidad de Madrid),2022,35,2022-08-29,2022-09-04,15.5,34.0,25.1,819
Madrid (Comunidad de Madrid),2022,36,2022-09-05,2022-09-11,15.3,34.0,24.2,861
Madrid (Comunidad de Madrid),2022,37,2022-09-12,2022-09-18,15.7,29.1,21.9,834
Madrid (Comunidad de Madrid),2022,38,2022-09-19,2022-09-25,11.5,29.1,21.0,758
Madrid (Comunidad de Madrid),2022,39,2022-09-26,2022-10-02,9.3,26.4,16.4,790
Madrid (Comunidad de Madrid),2022,40,2022-10-03,2022-10-09,13.6,28.9,20.2,942
Madrid (Comunidad de Madrid),2022,41,2022-10-10,2022-10-16,12.9,25.6,18.6,869
Madrid (Comunidad de Madrid),2022,42,2022-10-17,2022-10-23,12.8,26.9,18.2,888
Madrid (Comunidad de Madrid),2022,43,2022-10-24,2022-10-30,12.4,23.9,17.8,857
Madrid (Comunidad de Madrid),2022,44,2022-10-31,2022-11-06,4.4,20.0,13.8,876
Madrid (Comunidad de Madrid),2022,45,2022-11-07,2022-11-13,6.4,19.0,12.7,962
Madrid (Comunidad de Madrid),2022,46,2022-11-14,2022-11-20,4.7,16.9,11.7,944
Madrid (Comunidad de Madrid),2022,47,2022-11-21,2022-11-27,3.7,16.7,10.0,928
Madrid (Comunidad de Madrid),2022,48,2022-11-28,2022-12-04,1.9,11.5,7.0,1053
Madrid (Comunidad de Madrid),2022,49,2022-12-05,2022-12-11,5.7,12.6,9.3,1064
Madrid (Comunidad de Madrid),2022,50,2022-12-12,2022-12-18,5.9,14.5,10.1,1042
Madrid (Comunidad de Madrid),2022,51,2022-12-19,2022-12-25,5.7,14.2,10.0,1100
Madrid (Comunidad de Madrid),2022,52,2022-12-26,2023-01-01,4.6,15.2,9.9,1081
Madrid (Comunidad de Madrid),2023,1,2023-01-02,2023-01-08,1.9,13.2,8.0,1113
Madrid (Comunidad de Madrid),2023,2,2023-01-09,2023-01-15,1.7,12.7,7.2,1122
Madrid (Comunidad de Madrid),2023,3,2023-01-16,2023-01-22,0.2,13.7,6.1,1102
Madrid (Comunidad de Madrid),2023,4,2023-01-23,2023-01-29,-1.8,9.3,3.7,1006
Madrid (Comunidad de Madrid),2023,5,2023-01-30,2023-02-05,-1.6,17.0,7.1,1122
Madrid (Comunidad de Madrid),2023,6,2023-02-06,2023-02-12,1.3,11.2,6.2,1109
Madrid (Comunidad de Madrid),2023,7,2023-02-13,2023-02-19,2.3,17.8,9.1,1068
Madrid (Comunidad de Madrid),2023,8,2023-02-20,2023-02-26,-0.3,19.0,8.5,1060
Madrid (Comunidad de Madrid),2023,9,2023-02-27,2023-03-05,-1.8,12.4,4.7,1058
Madrid (Comunidad de Madrid),2023,10,2023-03-06,2023-03-12,4.5,20.6,13.0,1105
Madrid (Comunidad de Madrid),2023,11,2023-03-13,2023-03-19,6.5,22.8,13.4,1016
Madrid (Comunidad de Madrid),2023,12,2023-03-20,2023-03-26,7.0,21.6,14.6,906
Madrid (Comunidad de Madrid),2023,13,2023-03-27,2023-04-02,5.8,25.2,15.3,998
Madrid (Comunidad de Madrid),2023,14,2023-04-03,2023-04-09,5.1,26.5,15.6,882
Madrid (Comunidad de Madrid),2023,15,2023-04-10,2023-04-16,6.9,26.2,16.0,974
Madrid (Comunidad de Madrid),2023,16,2023-04-17,2023-04-23,8.9,27.0,17.3,902
Madrid (Comunidad de Madrid),2023,17,2023-04-24,2023-04-30,11.6,30.9,21.2,927
Madrid (Comunidad de Madrid),2023,18,2023-05-01,2023-05-07,12.1,29.1,20.7,852
Madrid (Comunidad de Madrid),2023,19,2023-05-08,2023-05-14,8.4,29.0,17.7,819
Madrid (Comunidad de Madrid),2023,20,2023-05-15,2023-05-21,8.3,23.8,15.7,825
Madrid (Comunidad de Madrid),2023,21,2023-05-22,2023-05-28,12.1,25.2,17.8,838
Madrid (Comunidad de Madrid),2023,22,2023-05-29,2023-06-04,12.4,26.6,19.0,823
Madrid (Comunidad de Madrid),2023,23,2023-06-05,2023-06-11,14.6,28.5,20.6,901
Madrid (Comunidad de Madrid),2023,24,2023-06-12,2023-06-18,15.1,34.0,23.9,851
Madrid (Comunidad de Madrid),2023,25,2023-06-19,2023-06-25,15.4,37.0,25.1,813
Madrid (Comunidad de Madrid),2023,26,2023-06-26,2023-07-02,16.7,37.0,27.2,874
Madrid (Comunidad de Madrid),2023,27,2023-07-03,2023-07-09,19.3,35.1,27.3,842
Madrid (Comunidad de Madrid),2023,28,2023-07-10,2023-07-16,20.4,38.0,28.5,794
Madrid (Comunidad de Madrid),2023,29,2023-07-17,2023-07-23,19.3,38.7,28.9,854
Madrid (Comunidad de Madrid),2023,30,2023-07-24,2023-07-30,17.4,36.8,27.0,813
Madrid (Comunidad de Madrid),2023,31,2023-07-31,2023-08-06,15.6,36.6,27.1,870
Madrid (Comunidad de Madrid),2023,32,2023-08-07,2023-08-13,19.0,39.5,30.4,821
Madrid (Comunidad de Madrid),2023,33,2023-08-14,2023-08-20,19.9,38.0,28.7,858
Madrid (Comunidad de Madrid),2023,34,2023-08-21,2023-08-27,16.1,40.0,29.2,926
Madrid (Comunidad de Madrid),2023,35,2023-08-28,2023-09-03,15.1,31.6,21.9,875
Madrid (Comunidad de Madrid),2023,36,2023-09-04,2023-09-10,16.1,29.4,23.0,807
Madrid (Comunidad de Madrid),2023,37,2023-09-11,2023-09-17,14.9,27.3,20.6,851
Madrid (Comunidad de Madrid),2023,38,2023-09-18,2023-09-24,10.7,25.3,17.5,804
Madrid (Comunidad de Madrid),2023,39,2023-09-25,2023-10-01,13.5,30.0,22.3,877
Madrid (Comunidad de Madrid),2023,40,2023-10-02,2023-10-08,17.0,30.1,23.2,847
Madrid (Comunidad de Madrid),2023,41,2023-10-09,2023-10-15,13.5,27.5,20.0,783
Madrid (Comunidad de Madrid),2023,42,2023-10-16,2023-10-22,7.8,23.2,15.2,927
Madrid (Comunidad de Madrid),2023,43,2023-10-23,2023-10-29,9.1,18.2,13.4,908
Madrid (Comunidad de Madrid),2023,44,2023-10-30,2023-11-05,7.1,15.9,11.1,927
Madrid (Comunidad de Madrid),2023,45,2023-11-06,2023-11-12,3.4,18.6,11.1,897
Madrid (Comunidad de Madrid),2023,46,2023-11-13,2023-11-19,8.3,18.0,13.2,909
Madrid (Comunidad de Madrid),2023,47,2023-11-20,2023-11-26,3.0,17.3,9.8,876
Madrid (Comunidad de Madrid),2023,48,2023-11-27,2023-12-03,1.8,14.6,9.2,939
Madrid (Comunidad de Madrid),2023,49,2023-12-04,2023-12-10,2.9,12.7,7.9,976
Madrid (Comunidad de Madrid),2023,50,2023-12-11,2023-12-17,1.9,13.1,8.4,1106
Madrid (Comunidad de Madrid),2023,51,2023-12-18,2023-12-24,1.1,13.1,6.8,1150
Madrid (Comunidad de Madrid),2023,52,2023-12-25,2023-12-31,-0.2,10.7,5.4,1190
Madrid (Comunidad de Madrid),2024,1,2024-01-01,2024-01-07,1.8,12.1,7.2,1318
Madrid (Comunidad de Madrid),2024,2,2024-01-08,2024-01-14,-0.8,9.0,5.1,1316
Madrid (Comunidad de Madrid),2024,3,2024-01-15,2024-01-21,2.7,14.3,9.7,1257
Madrid (Comunidad de Madrid),2024,4,2024-01-22,2024-01-28,3.1,18.8,11.2,1114
Madrid (Comunidad de Madrid),2024,5,2024-01-29,2024-02-04,4.6,16.8,10.0,941
Madrid (Comunidad de Madrid),2024,6,2024-02-05,2024-02-11,4.3,14.9,9.1,973
Madrid (Comunidad de Madrid),2024,7,2024-02-12,2024-02-18,4.8,17.4,12.0,1045
Madrid (Comunidad de Madrid),2024,8,2024-02-19,2024-02-25,3.4,18.8,9.9,972
Madrid (Comunidad de Madrid),2024,9,2024-02-26,2024-03-03,2.2,14.1,7.6,941
Madrid (Comunidad de Madrid),2024,10,2024-03-04,2024-03-10,2.0,14.2,8.3,987
Madrid (Comunidad de Madrid),2024,11,2024-03-11,2024-03-17,4.6,21.0,12.4,915
Madrid (Comunidad de Madrid),2024,12,2024-03-18,2024-03-24,10.6,25.5,18.1,988
Madrid (Comunidad de Madrid),2024,13,2024-03-25,2024-03-31,3.7,16.8,9.2,886
Madrid (Comunidad de Madrid),2024,14,2024-04-01,2024-04-07,4.4,23.6,14.3,908
Madrid (Comunidad de Madrid),2024,15,2024-04-08,2024-04-14,5.1,27.1,16.3,874
Madrid (Comunidad de Madrid),2024,16,2024-04-15,2024-04-21,7.3,29.2,17.2,922
Madrid (Comunidad de Madrid),2024,17,2024-04-22,2024-04-28,3.8,19.1,12.1,913
Madrid (Comunidad de Madrid),2024,18,2024-04-29,2024-05-05,5.0,23.5,13.1,906
Madrid (Comunidad de Madrid),2024,19,2024-05-06,2024-05-12,9.4,29.3,19.2,957
Madrid (Comunidad de Madrid),2024,20,2024-05-13,2024-05-19,9.2,27.9,16.1,912
Madrid (Comunidad de Madrid),2024,21,2024-05-20,2024-05-26,10.0,29.6,18.5,936
Madrid (Comunidad de Madrid),2024,22,2024-05-27,2024-06-02,12.2,34.4,23.3,898
Madrid (Comunidad de Madrid),2024,23,2024-06-03,2024-06-09,15.7,35.3,24.0,939
Madrid (Comunidad de Madrid),2024,24,2024-06-10,2024-06-16,12.1,30.7,20.6,842
Madrid (Comunidad de Madrid),2024,25,2024-06-17,2024-06-23,13.0,31.2,21.2,872
Madrid (Comunidad de Madrid),2024,26,2024-06-24,2024-06-30,16.3,34.4,24.3,835
Madrid (Comunidad de Madrid),2024,27,2024-07-01,2024-07-07,16.0,37.3,26.3,872
Madrid (Comunidad de Madrid),2024,28,2024-07-08,2024-07-14,18.0,36.7,26.7,871
Madrid (Comunidad de Madrid),2024,29,2024-07-15,2024-07-21,18.2,38.0,27.6,885
Madrid (Comunidad de Madrid),2024,30,2024-07-22,2024-07-28,18.5,39.9,30.9,940
Madrid (Comunidad de Madrid),2024,31,2024-07-29,2024-08-04,21.3,38.8,29.8,953
Madrid (Comunidad de Madrid),2024,32,2024-08-05,2024-08-11,22.8,39.1,31.4,998
Madrid (Comunidad de Madrid),2024,33,2024-08-12,2024-08-18,15.8,37.3,27.0,880
Madrid (Comunidad de Madrid),2024,34,2024-08-19,2024-08-25,19.6,37.0,28.6,844
Madrid (Comunidad de Madrid),2024,35,2024-08-26,2024-09-01,18.7,36.7,26.3,876
Madrid (Comunidad de Madrid),2024,36,2024-09-02,2024-09-08,13.0,32.1,22.6,799
Madrid (Comunidad de Madrid),2024,37,2024-09-09,2024-09-15,12.8,30.8,21.9,815
Madrid (Comunidad de Madrid),2024,38,2024-09-16,2024-09-22,13.8,29.3,20.1,870
Madrid (Comunidad de Madrid),2024,39,2024-09-23,2024-09-29,10.1,24.1,17.8,797
Madrid (Comunidad de Madrid),2024,40,2024-09-30,2024-10-06,12.0,27.0,19.9,866
Madrid (Comunidad de Madrid),2024,41,2024-10-07,2024-10-13,10.0,22.5,16.0,840
Madrid (Comunidad de Madrid),2024,42,2024-10-14,2024-10-20,8.0,22.1,16.4,891
Madrid (Comunidad de Madrid),2024,43,2024-10-21,2024-10-27,6.1,22.1,14.5,902
Madrid (Comunidad de Madrid),2024,44,2024-10-28,2024-11-03,9.1,19.5,14.7,917
Madrid (Comunidad de Madrid),2024,45,2024-11-04,2024-11-10,8.8,19.5,14.2,954
Madrid (Comunidad de Madrid),2024,46,2024-11-11,2024-11-17,5.0,17.1,11.9,933
Madrid (Comunidad de Madrid),2024,47,2024-11-18,2024-11-24,8.0,18.4,12.2,926
Madrid (Comunidad de Madrid),2024,48,2024-11-25,2024-12-01,4.2,16.5,10.2,908
Madrid (Comunidad de Madrid),2024,49,2024-12-02,2024-12-08,2.5,16.6,10.2,990
Madrid (Comunidad de Madrid),2024,50,2024-12-09,2024-12-15,0.1,10.3,5.7,1021
Madrid (Comunidad de Madrid),2024,51,2024-12-16,2024-12-22,0.1,14.1,6.8,1143
Madrid (Comunidad de Madrid),2024,52,2024-12-23,2024-12-29,1.2,15.1,8.0,1074
Madrid (Comunidad de Madrid),2025,1,2024-12-30,2025-01-05,0.9,10.6,5.9,1088
Madrid (Comunidad de Madrid),2025,2,2025-01-06,2025-01-12,3.1,18.9,9.8,1166
Madrid (Comunidad de Madrid),2025,3,2025-01-13,2025-01-19,-1.5,12.4,5.5,1194
Madrid (Comunidad de Madrid),2025,4,2025-01-20,2025-01-26,4.3,14.0,9.4,1124
Madrid (Comunidad de Madrid),2025,5,2025-01-27,2025-02-02,1.5,14.5,7.2,1099
Madrid (Comunidad de Madrid),2025,6,2025-02-03,2025-02-09,1.2,14.0,7.2,1062
Madrid (Comunidad de Madrid),2025,7,2025-02-10,2025-02-16,3.9,17.9,10.4,1005
Madrid (Comunidad de Madrid),2025,8,2025-02-17,2025-02-23,4.7,17.0,11.4,959
Madrid (Comunidad de Madrid),2025,9,2025-02-24,2025-03-02,2.5,16.0,8.7,1011
Madrid (Comunidad de Madrid),2025,10,2025-03-03,2025-03-09,4.1,14.0,9.4,958
Madrid (Comunidad de Madrid),2025,11,2025-03-10,2025-03-16,1.1,12.8,7.8,934
Madrid (Comunidad de Madrid),2025,12,2025-03-17,2025-03-23,3.8,16.6,9.4,920
Madrid (Comunidad de Madrid),2025,13,2025-03-24,2025-03-30,4.2,20.9,11.2,922
Madrid (Comunidad de Madrid),2025,14,2025-03-31,2025-04-06,8.2,24.7,13.8,950
Madrid (Comunidad de Madrid),2025,15,2025-04-07,2025-04-13,8.8,24.9,16.1,978
Madrid (Comunidad de Madrid),2025,16,2025-04-14,2025-04-20,5.2,19.3,11.3,866
Madrid (Comunidad de Madrid),2025,17,2025-04-21,2025-04-27,7.5,26.8,16.4,927
Madrid (Comunidad de Madrid),2025,18,2025-04-28,2025-05-04,10.5,23.5,15.9,921
Madrid (Comunidad de Madrid),2025,19,2025-05-05,2025-05-11,7.3,19.9,13.8,875
Madrid (Comunidad de Madrid),2025,20,2025-05-12,2025-05-18,8.1,27.7,16.8,889
Madrid (Comunidad de Madrid),2025,21,2025-05-19,2025-05-25,10.7,29.4,18.4,882
Madrid (Comunidad de Madrid),2025,22,2025-05-26,2025-06-01,17.0,34.4,25.8,984
Madrid (Comunidad de Madrid),2025,23,2025-06-02,2025-06-08,14.6,33.1,23.5,949
Madrid (Comunidad de Madrid),2025,24,2025-06-09,2025-06-15,15.4,35.6,25.7,892
Madrid (Comunidad de Madrid),2025,25,2025-06-16,2025-06-22,21.2,37.9,29.7,998
Madrid (Comunidad de Madrid),2025,26,2025-06-23,2025-06-29,18.2,38.8,28.6,960
Madrid (Comunidad de Madrid),2025,27,2025-06-30,2025-07-06,20.7,38.1,29.8,976
Madrid (Comunidad de Madrid),2025,28,2025-07-07,2025-07-13,16.9,35.7,26.7,898
Madrid (Comunidad de Madrid),2025,29,2025-07-14,2025-07-20,18.4,38.7,28.1,865
Madrid (Comunidad de Madrid),2025,30,2025-07-21,2025-07-27,15.3,35.5,25.0,839
Madrid (Comunidad de Madrid),2025,31,2025-07-28,2025-08-03,16.1,37.3,27.0,811
Madrid (Comunidad de Madrid),2025,32,2025-08-04,2025-08-10,22.3,40.1,31.4,895
Madrid (Comunidad de Madrid),2025,33,2025-08-11,2025-08-17,22.8,40.3,31.9,1017
Madrid (Comunidad de Madrid),2025,34,2025-08-18,2025-08-24,17.4,34.2,25.9,970
Madrid (Comunidad de Madrid),2025,35,2025-08-25,2025-08-31,17.0,35.1,25.4,888
Madrid (Comunidad de Madrid),2025,36,2025-09-01,2025-09-07,13.8,32.2,23.0,819
Madrid (Comunidad de Madrid),2025,37,2025-09-08,2025-09-14,15.6,31.5,22.9,859
Madrid (Comunidad de Madrid),2025,38,2025-09-15,2025-09-21,14.0,34.8,25.7,859
Madrid (Comunidad de Madrid),2025,39,2025-09-22,2025-09-28,9.6,26.0,17.3,883
Madrid (Comunidad de Madrid),2025,40,2025-09-29,2025-10-05,13.1,30.5,20.7,879
Madrid (Comunidad de Madrid),2025,41,2025-10-06,2025-10-12,11.5,28.9,20.1,901
Madrid (Comunidad de Madrid),2025,42,2025-10-13,2025-10-19,11.4,26.2,19.0,934
Madrid (Comunidad de Madrid),2025,43,2025-10-20,2025-10-26,9.4,24.2,18.0,907
Madrid (Comunidad de Madrid),2025,44,2025-10-27,2025-11-02,5.0,21.0,13.3,878
Madrid (Comunidad de Madrid),2025,45,2025-11-03,2025-11-09,3.5,20.0,11.5,969
Madrid (Comunidad de Madrid),2025,46,2025-11-10,2025-11-16,3.6,24.2,12.1,981
Madrid (Comunidad de Madrid),2025,47,2025-11-17,2025-11-23,-1.5,15.2,7.4,962
Madrid (Comunidad de Madrid),2025,48,2025-11-24,2025-11-30,0.5,14.3,7.9,1093
Madrid (Comunidad de Madrid),2025,49,2025-12-01,2025-12-07,1.5,14.3,8.4,1121
Madrid (Comunidad de Madrid),2025,50,2025-12-08,2025-12-14,4.0,15.9,9.3,1138
Madrid (Comunidad de Madrid),2025,51,2025-12-15,2025-12-21,1.0,14.0,8.3,1174
Madrid (Comunidad de Madrid),2025,52,2025-12-22,2025-12-28,0.1,11.3,5.4,1106
Madrid (Comunidad de Madrid),2026,1,2025-12-29,2026-01-04,0.3,12.6,6.7,1154
Madrid (Comunidad de Madrid),2026,2,2026-01-05,2026-01-11,-2.1,12.1,4.4,1121
Madrid (Comunidad de Madrid),2026,3,2026-01-12,2026-01-18,2.1,11.0,6.3,1139
Madrid (Comunidad de Madrid),2026,4,2026-01-19,2026-01-25,0.4,11.4,5.4,1073
Madrid (Comunidad de Madrid),2026,5,2026-01-26,2026-02-01,0.8,13.2,7.4,1056
Madrid (Comunidad de Madrid),2026,6,2026-02-02,2026-02-08,3.4,13.4,7.1,1049
Madrid (Comunidad de Madrid),2026,7,2026-02-09,2026-02-15,3.1,13.9,9.7,1018
Madrid (Comunidad de Madrid),2026,8,2026-02-16,2026-02-22,2.6,18.5,10.2,977
Madrid (Comunidad de Madrid),2026,9,2026-02-23,2026-03-01,2.3,20.8,13.2,1021
Madrid (Comunidad de Madrid),2026,10,2026-03-02,2026-03-08,6.1,17.2,11.4,965
Madrid (Comunidad de Madrid),2026,11,2026-03-09,2026-03-15,4.2,18.5,10.5,967
Madrid (Comunidad de Madrid),2026,12,2026-03-16,2026-03-22,4.2,21.6,12.0,996
Madrid (Comunidad de Madrid),2026,13,2026-03-23,2026-03-29,4.0,21.4,11.6,922
Madrid (Comunidad de Madrid),2026,14,2026-03-30,2026-04-05,2.4,25.6,14.6,951
Madrid (Comunidad de Madrid),2026,15,2026-04-06,2026-04-12,8.7,28.0,17.1,1018
Madrid (Comunidad de Madrid),2026,16,2026-04-13,2026-04-19,5.7,28.0,17.4,983
Madrid (Comunidad de Madrid),2026,17,2026-04-20,2026-04-26,12.5,27.8,19.4,953
Madrid (Comunidad de Madrid),2026,18,2026-04-27,2026-05-03,12.1,26.5,18.1,853
Madrid (Comunidad de Madrid),2026,19,2026-05-04,2026-05-10,8.6,20.4,14.1,872
Madrid (Comunidad de Madrid),2026,20,2026-05-11,2026-05-17,7.4,22.6,14.7,894
Madrid (Comunidad de Madrid),2026,21,2026-05-18,2026-05-24,10.5,31.8,22.4,903
Madrid (Comunidad de Madrid),2026,22,2026-05-25,2026-05-31,17.4,35.5,26.6,1002
Madrid (Comunidad de Madrid),2026,23,2026-06-01,2026-06-07,13.8,34.9,24.2,856
Madrid (Comunidad de Madrid),2026,24,2026-06-08,2026-06-14,14.8,33.8,25.4,845
Madrid (Comunidad de Madrid),2026,25,2026-06-15,2026-06-21,16.7,38.0,28.1,863
Madrid (Comunidad de Madrid),2026,26,2026-06-22,2026-06-28,20.2,39.5,29.1,949
Madrid (Comunidad de Madrid),2026,27,2026-06-29,2026-07-05,17.7,37.8,29.0,932
Paris (Île-de-France),2022,1,2022-01-03,2022-01-09,-0.6,12.3,5.9,1936
Paris (Île-de-France),2022,2,2022-01-10,2022-01-16,-2.8,9.0,1.8,2124
Paris (Île-de-France),2022,3,2022-01-17,2022-01-23,0.5,9.9,4.4,2056
Paris (Île-de-France),2022,4,2022-01-24,2022-01-30,-1.3,10.5,4.2,2061
Paris (Île-de-France),2022,5,2022-01-31,2022-02-06,0.3,11.3,7.1,1927
Paris (Île-de-France),2022,6,2022-02-07,2022-02-13,-1.4,14.2,6.1,1699
Paris (Île-de-France),2022,7,2022-02-14,2022-02-20,2.4,15.5,9.7,1623
Paris (Île-de-France),2022,8,2022-02-21,2022-02-27,-1.2,12.3,6.8,1509
Paris (Île-de-France),2022,9,2022-02-28,2022-03-06,-2.4,13.4,7.4,1563
Paris (Île-de-France),2022,10,2022-03-07,2022-03-13,-0.9,17.0,7.8,1490
Paris (Île-de-France),2022,11,2022-03-14,2022-03-20,2.3,16.3,9.3,1509
Paris (Île-de-France),2022,12,2022-03-21,2022-03-27,2.9,21.1,12.8,1492
Paris (Île-de-France),2022,13,2022-03-28,2022-04-03,0.6,21.8,7.7,1622
Paris (Île-de-France),2022,14,2022-04-04,2022-04-10,-0.5,15.5,8.4,1606
Paris (Île-de-France),2022,15,2022-04-11,2022-04-17,4.6,21.6,14.5,1656
Paris (Île-de-France),2022,16,2022-04-18,2022-04-24,5.8,20.2,14.0,1524
Paris (Île-de-France),2022,17,2022-04-25,2022-05-01,5.8,21.1,12.9,1532
Paris (Île-de-France),2022,18,2022-05-02,2022-05-08,8.6,22.3,14.9,1533
Paris (Île-de-France),2022,19,2022-05-09,2022-05-15,8.3,29.3,18.4,1411
Paris (Île-de-France),2022,20,2022-05-16,2022-05-22,10.6,28.9,20.5,1479
Paris (Île-de-France),2022,21,2022-05-23,2022-05-29,6.9,22.6,15.2,1309
Paris (Île-de-France),2022,22,2022-05-30,2022-06-05,6.6,30.2,17.7,1436
Paris (Île-de-France),2022,23,2022-06-06,2022-06-12,11.5,26.8,18.4,1333
Paris (Île-de-France),2022,24,2022-06-13,2022-06-19,11.5,36.1,23.0,1447
Paris (Île-de-France),2022,25,2022-06-20,2022-06-26,12.7,27.9,19.6,1275
Paris (Île-de-France),2022,26,2022-06-27,2022-07-03,9.4,27.8,18.7,1371
Paris (Île-de-France),2022,27,2022-07-04,2022-07-10,10.7,29.7,20.5,1382
Paris (Île-de-France),2022,28,2022-07-11,2022-07-17,14.7,36.7,24.8,1538
Paris (Île-de-France),2022,29,2022-07-18,2022-07-24,16.5,40.3,24.3,1598
Paris (Île-de-France),2022,30,2022-07-25,2022-07-31,14.0,31.7,22.4,1324
Paris (Île-de-France),2022,31,2022-08-01,2022-08-07,13.7,36.0,23.1,1393
Paris (Île-de-France),2022,32,2022-08-08,2022-08-14,16.2,34.1,25.1,1390
Paris (Île-de-France),2022,33,2022-08-15,2022-08-21,12.7,29.1,20.4,1323
Paris (Île-de-France),2022,34,2022-08-22,2022-08-28,15.2,32.9,22.6,1367
Paris (Île-de-France),2022,35,2022-08-29,2022-09-04,14.1,30.0,21.6,1330
Paris (Île-de-France),2022,36,2022-09-05,2022-09-11,10.7,31.2,18.5,1307
Paris (Île-de-France),2022,37,2022-09-12,2022-09-18,6.5,27.5,17.6,1338
Paris (Île-de-France),2022,38,2022-09-19,2022-09-25,6.9,21.5,14.1,1425
Paris (Île-de-France),2022,39,2022-09-26,2022-10-02,5.3,21.1,13.0,1592
Paris (Île-de-France),2022,40,2022-10-03,2022-10-09,4.5,21.0,12.8,1635
Paris (Île-de-France),2022,41,2022-10-10,2022-10-16,6.1,20.9,14.8,1668
Paris (Île-de-France),2022,42,2022-10-17,2022-10-23,13.1,22.9,17.0,1632
Paris (Île-de-France),2022,43,2022-10-24,2022-10-30,11.6,24.2,16.7,1631
Paris (Île-de-France),2022,44,2022-10-31,2022-11-06,4.2,20.5,11.7,1547
Paris (Île-de-France),2022,45,2022-11-07,2022-11-13,4.8,17.3,10.8,1580
Paris (Île-de-France),2022,46,2022-11-14,2022-11-20,3.6,14.4,9.3,1638
Paris (Île-de-France),2022,47,2022-11-21,2022-11-27,3.3,13.2,7.7,1686
Paris (Île-de-France),2022,48,2022-11-28,2022-12-04,2.3,11.6,5.3,1661
Paris (Île-de-France),2022,49,2022-12-05,2022-12-11,-2.8,7.2,1.6,1828
Paris (Île-de-France),2022,50,2022-12-12,2022-12-18,-6.2,7.2,-1.3,1998
Paris (Île-de-France),2022,51,2022-12-19,2022-12-25,1.7,15.1,11.2,2314
Paris (Île-de-France),2022,52,2022-12-26,2023-01-01,3.1,16.0,10.5,2271
Paris (Île-de-France),2023,1,2023-01-02,2023-01-08,4.7,13.5,10.0,2040
Paris (Île-de-France),2023,2,2023-01-09,2023-01-15,3.3,12.1,8.6,1787
Paris (Île-de-France),2023,3,2023-01-16,2023-01-22,-1.3,6.6,2.0,1662
Paris (Île-de-France),2023,4,2023-01-23,2023-01-29,-4.2,5.9,2.2,1664
Paris (Île-de-France),2023,5,2023-01-30,2023-02-05,0.1,10.7,7.0,1614
Paris (Île-de-France),2023,6,2023-02-06,2023-02-12,-5.4,11.1,3.8,1549
Paris (Île-de-France),2023,7,2023-02-13,2023-02-19,-2.0,15.0,8.2,1594
Paris (Île-de-France),2023,8,2023-02-20,2023-02-26,-0.5,17.0,6.9,1598
Paris (Île-de-France),2023,9,2023-02-27,2023-03-05,-1.8,9.9,3.5,1590
Paris (Île-de-France),2023,10,2023-03-06,2023-03-12,2.5,14.9,8.4,1640
Paris (Île-de-France),2023,11,2023-03-13,2023-03-19,1.0,17.6,10.3,1540
Paris (Île-de-France),2023,12,2023-03-20,2023-03-26,1.5,16.6,11.4,1520
Paris (Île-de-France),2023,13,2023-03-27,2023-04-02,1.8,21.0,10.7,1535
Paris (Île-de-France),2023,14,2023-04-03,2023-04-09,0.5,18.0,9.4,1487
Paris (Île-de-France),2023,15,2023-04-10,2023-04-16,3.0,17.2,9.7,1457
Paris (Île-de-France),2023,16,2023-04-17,2023-04-23,2.9,18.8,10.6,1505
Paris (Île-de-France),2023,17,2023-04-24,2023-04-30,4.5,22.7,12.1,1520
Paris (Île-de-France),2023,18,2023-05-01,2023-05-07,7.1,23.1,15.0,1399
Paris (Île-de-France),2023,19,2023-05-08,2023-05-14,9.3,21.6,13.7,1460
Paris (Île-de-France),2023,20,2023-05-15,2023-05-21,7.0,21.8,14.0,1439
Paris (Île-de-France),2023,21,2023-05-22,2023-05-28,8.3,25.9,16.8,1432
Paris (Île-de-France),2023,22,2023-05-29,2023-06-04,10.6,27.1,18.7,1376
Paris (Île-de-France),2023,23,2023-06-05,2023-06-11,11.7,30.3,21.7,1492
Paris (Île-de-France),2023,24,2023-06-12,2023-06-18,12.4,31.4,22.9,1412
Paris (Île-de-France),2023,25,2023-06-19,2023-06-25,13.8,33.9,22.6,1343
Paris (Île-de-France),2023,26,2023-06-26,2023-07-02,13.3,27.3,20.4,1274
Paris (Île-de-France),2023,27,2023-07-03,2023-07-09,11.4,35.0,21.6,1368
Paris (Île-de-France),2023,28,2023-07-10,2023-07-16,13.8,32.3,22.3,1325
Paris (Île-de-France),2023,29,2023-07-17,2023-07-23,13.0,30.2,20.8,1290
Paris (Île-de-France),2023,30,2023-07-24,2023-07-30,10.5,25.9,19.3,1296
Paris (Île-de-France),2023,31,2023-07-31,2023-08-06,12.1,24.8,17.8,1262
Paris (Île-de-France),2023,32,2023-08-07,2023-08-13,11.9,28.1,20.0,1338
Paris (Île-de-France),2023,33,2023-08-14,2023-08-20,14.9,31.5,23.0,1342
Paris (Île-de-France),2023,34,2023-08-21,2023-08-27,11.5,31.9,21.5,1355
Paris (Île-de-France),2023,35,2023-08-28,2023-09-03,12.1,31.6,19.1,1349
Paris (Île-de-France),2023,36,2023-09-04,2023-09-10,17.1,35.4,26.0,1457
Paris (Île-de-France),2023,37,2023-09-11,2023-09-17,14.4,28.6,20.5,1381
Paris (Île-de-France),2023,38,2023-09-18,2023-09-24,7.5,25.5,16.5,1307
Paris (Île-de-France),2023,39,2023-09-25,2023-10-01,8.9,27.7,18.5,1420
Paris (Île-de-France),2023,40,2023-10-02,2023-10-08,7.3,28.7,16.3,1424
Paris (Île-de-France),2023,41,2023-10-09,2023-10-15,6.9,28.4,17.0,1483
Paris (Île-de-France),2023,42,2023-10-16,2023-10-22,4.8,22.5,13.3,1566
Paris (Île-de-France),2023,43,2023-10-23,2023-10-29,7.7,17.1,12.5,1602
Paris (Île-de-France),2023,44,2023-10-30,2023-11-05,5.5,15.5,11.0,1642
Paris (Île-de-France),2023,45,2023-11-06,2023-11-12,5.2,14.5,9.2,1547
Paris (Île-de-France),2023,46,2023-11-13,2023-11-19,6.7,17.2,11.2,1586
Paris (Île-de-France),2023,47,2023-11-20,2023-11-26,-1.1,12.7,7.6,1549
Paris (Île-de-France),2023,48,2023-11-27,2023-12-03,-2.5,8.9,3.3,1611
Paris (Île-de-France),2023,49,2023-12-04,2023-12-10,2.0,13.4,7.2,1752
Paris (Île-de-France),2023,50,2023-12-11,2023-12-17,-0.5,13.3,7.7,1721
Paris (Île-de-France),2023,51,2023-12-18,2023-12-24,0.0,11.8,8.0,1793
Paris (Île-de-France),2023,52,2023-12-25,2023-12-31,6.8,12.3,9.9,1699
Paris (Île-de-France),2024,1,2024-01-01,2024-01-07,2.5,12.3,7.7,1791
Paris (Île-de-France),2024,2,2024-01-08,2024-01-14,-3.7,3.0,-1.1,1771
Paris (Île-de-France),2024,3,2024-01-15,2024-01-21,-6.4,11.8,0.6,1886
Paris (Île-de-France),2024,4,2024-01-22,2024-01-28,-2.0,14.8,8.6,1895
Paris (Île-de-France),2024,5,2024-01-29,2024-02-04,1.3,14.1,8.5,1798
Paris (Île-de-France),2024,6,2024-02-05,2024-02-11,6.5,13.6,9.8,1688
Paris (Île-de-France),2024,7,2024-02-12,2024-02-18,2.6,18.7,10.4,1575
Paris (Île-de-France),2024,8,2024-02-19,2024-02-25,3.4,13.4,7.8,1614
Paris (Île-de-France),2024,9,2024-02-26,2024-03-03,0.8,10.8,6.9,1565
Paris (Île-de-France),2024,10,2024-03-04,2024-03-10,0.6,14.2,7.7,1619
Paris (Île-de-France),2024,11,2024-03-11,2024-03-17,4.8,18.7,11.3,1545
Paris (Île-de-France),2024,12,2024-03-18,2024-03-24,3.3,21.0,11.6,1469
Paris (Île-de-France),2024,13,2024-03-25,2024-03-31,2.2,15.9,9.5,1479
Paris (Île-de-France),2024,14,2024-04-01,2024-04-07,7.4,24.2,14.0,1530
Paris (Île-de-France),2024,15,2024-04-08,2024-04-14,4.1,26.1,14.5,1405
Paris (Île-de-France),2024,16,2024-04-15,2024-04-21,3.2,14.6,8.5,1357
Paris (Île-de-France),2024,17,2024-04-22,2024-04-28,1.0,16.6,9.6,1452
Paris (Île-de-France),2024,18,2024-04-29,2024-05-05,5.7,20.2,12.9,1436
Paris (Île-de-France),2024,19,2024-05-06,2024-05-12,8.1,26.0,15.9,1360
Paris (Île-de-France),2024,20,2024-05-13,2024-05-19,8.8,21.8,15.6,1417
Paris (Île-de-France),2024,21,2024-05-20,2024-05-26,8.8,22.7,16.0,1436
Paris (Île-de-France),2024,22,2024-05-27,2024-06-02,8.4,18.6,14.0,1421
Paris (Île-de-France),2024,23,2024-06-03,2024-06-09,7.8,24.4,16.7,1476
Paris (Île-de-France),2024,24,2024-06-10,2024-06-16,5.9,22.6,14.7,1476
Paris (Île-de-France),2024,25,2024-06-17,2024-06-23,11.1,24.9,18.4,1489
Paris (Île-de-France),2024,26,2024-06-24,2024-06-30,14.1,31.5,22.0,1519
Paris (Île-de-France),2024,27,2024-07-01,2024-07-07,9.6,26.4,17.8,1308
Paris (Île-de-France),2024,28,2024-07-08,2024-07-14,10.7,26.5,19.3,1431
Paris (Île-de-France),2024,29,2024-07-15,2024-07-21,11.8,33.4,22.6,1470
Paris (Île-de-France),2024,30,2024-07-22,2024-07-28,11.2,29.3,20.2,1301
Paris (Île-de-France),2024,31,2024-07-29,2024-08-04,14.9,35.9,23.5,1366
Paris (Île-de-France),2024,32,2024-08-05,2024-08-11,12.9,29.7,21.4,1261
Paris (Île-de-France),2024,33,2024-08-12,2024-08-18,14.0,36.6,22.4,1326
Paris (Île-de-France),2024,34,2024-08-19,2024-08-25,11.2,30.6,18.7,1344
Paris (Île-de-France),2024,35,2024-08-26,2024-09-01,9.8,32.3,20.5,1320
Paris (Île-de-France),2024,36,2024-09-02,2024-09-08,10.6,26.0,18.2,1355
Paris (Île-de-France),2024,37,2024-09-09,2024-09-15,6.1,20.1,13.4,1336
Paris (Île-de-France),2024,38,2024-09-16,2024-09-22,11.7,25.7,18.1,1498
Paris (Île-de-France),2024,39,2024-09-23,2024-09-29,4.5,19.4,13.6,1418
Paris (Île-de-France),2024,40,2024-09-30,2024-10-06,4.7,19.1,12.8,1588
Paris (Île-de-France),2024,41,2024-10-07,2024-10-13,7.3,19.8,13.5,1654
Paris (Île-de-France),2024,42,2024-10-14,2024-10-20,10.0,25.9,15.7,1529
Paris (Île-de-France),2024,43,2024-10-21,2024-10-27,6.0,21.9,14.1,1542
Paris (Île-de-France),2024,44,2024-10-28,2024-11-03,8.3,16.8,10.9,1512
Paris (Île-de-France),2024,45,2024-11-04,2024-11-10,4.5,16.0,9.7,1475
Paris (Île-de-France),2024,46,2024-11-11,2024-11-17,3.5,13.1,8.4,1504
Paris (Île-de-France),2024,47,2024-11-18,2024-11-24,-1.6,17.5,6.5,1682
Paris (Île-de-France),2024,48,2024-11-25,2024-12-01,-0.8,15.1,6.9,1650
Paris (Île-de-France),2024,49,2024-12-02,2024-12-08,1.9,13.7,7.7,1633
Paris (Île-de-France),2024,50,2024-12-09,2024-12-15,-0.6,9.5,4.4,1675
Paris (Île-de-France),2024,51,2024-12-16,2024-12-22,0.7,13.7,7.9,1845
Paris (Île-de-France),2024,52,2024-12-23,2024-12-29,-1.7,10.3,4.7,1859
Paris (Île-de-France),2025,1,2024-12-30,2025-01-05,-4.5,12.8,3.7,1987
Paris (Île-de-France),2025,2,2025-01-06,2025-01-12,-0.5,12.2,4.8,2050
Paris (Île-de-France),2025,3,2025-01-13,2025-01-19,-5.9,6.7,1.1,1914
Paris (Île-de-France),2025,4,2025-01-20,2025-01-26,-2.1,12.9,5.1,2010
Paris (Île-de-France),2025,5,2025-01-27,2025-02-02,-3.4,11.7,5.5,1874
Paris (Île-de-France),2025,6,2025-02-03,2025-02-09,-3.4,7.3,3.4,1718
Paris (Île-de-France),2025,7,2025-02-10,2025-02-16,-2.9,6.5,3.2,1723
Paris (Île-de-France),2025,8,2025-02-17,2025-02-23,-1.4,16.1,8.1,1745
Paris (Île-de-France),2025,9,2025-02-24,2025-03-02,1.0,13.6,6.9,1637
Paris (Île-de-France),2025,10,2025-03-03,2025-03-09,-0.5,19.0,10.1,1672
Paris (Île-de-France),2025,11,2025-03-10,2025-03-16,0.1,12.7,6.1,1530
Paris (Île-de-France),2025,12,2025-03-17,2025-03-23,1.5,19.4,10.9,1591
Paris (Île-de-France),2025,13,2025-03-24,2025-03-30,3.8,17.3,10.4,1498
Paris (Île-de-France),2025,14,2025-03-31,2025-04-06,4.9,24.7,13.9,1511
Paris (Île-de-France),2025,15,2025-04-07,2025-04-13,4.1,22.3,12.7,1491
Paris (Île-de-France),2025,16,2025-04-14,2025-04-20,3.9,20.1,12.4,1452
Paris (Île-de-France),2025,17,2025-04-21,2025-04-27,7.1,21.2,12.8,1390
Paris (Île-de-France),2025,18,2025-04-28,2025-05-04,9.1,28.7,18.7,1488
Paris (Île-de-France),2025,19,2025-05-05,2025-05-11,6.1,24.3,14.1,1333
Paris (Île-de-France),2025,20,2025-05-12,2025-05-18,7.7,25.6,15.1,1439
Paris (Île-de-France),2025,21,2025-05-19,2025-05-25,7.3,25.1,15.5,1419
Paris (Île-de-France),2025,22,2025-05-26,2025-06-01,8.9,30.5,18.7,1472
Paris (Île-de-France),2025,23,2025-06-02,2025-06-08,8.9,24.4,16.5,1375
Paris (Île-de-France),2025,24,2025-06-09,2025-06-15,8.0,33.7,21.5,1419
Paris (Île-de-France),2025,25,2025-06-16,2025-06-22,9.2,35.3,24.2,1372
Paris (Île-de-France),2025,26,2025-06-23,2025-06-29,11.9,36.6,23.7,1404
Paris (Île-de-France),2025,27,2025-06-30,2025-07-06,13.0,38.8,23.6,1401
Paris (Île-de-France),2025,28,2025-07-07,2025-07-13,10.1,31.9,21.6,1335
Paris (Île-de-France),2025,29,2025-07-14,2025-07-20,15.3,31.8,22.1,1345
Paris (Île-de-France),2025,30,2025-07-21,2025-07-27,15.0,27.4,19.5,1281
Paris (Île-de-France),2025,31,2025-07-28,2025-08-03,13.2,26.5,19.5,1278
Paris (Île-de-France),2025,32,2025-08-04,2025-08-10,11.7,30.3,21.4,1359
Paris (Île-de-France),2025,33,2025-08-11,2025-08-17,16.3,35.8,24.6,1420
Paris (Île-de-France),2025,34,2025-08-18,2025-08-24,11.4,28.9,19.6,1341
Paris (Île-de-France),2025,35,2025-08-25,2025-08-31,10.7,29.6,19.5,1294
Paris (Île-de-France),2025,36,2025-09-01,2025-09-07,11.2,31.8,18.4,1330
Paris (Île-de-France),2025,37,2025-09-08,2025-09-14,10.9,24.6,17.0,1350
Paris (Île-de-France),2025,38,2025-09-15,2025-09-21,11.2,30.9,17.8,1474
Paris (Île-de-France),2025,39,2025-09-22,2025-09-28,6.8,20.2,12.0,1371
Paris (Île-de-France),2025,40,2025-09-29,2025-10-05,7.4,20.8,14.0,1572
Paris (Île-de-France),2025,41,2025-10-06,2025-10-12,7.9,20.0,13.6,1563
Paris (Île-de-France),2025,42,2025-10-13,2025-10-19,6.6,17.9,12.7,1564
Paris (Île-de-France),2025,43,2025-10-20,2025-10-26,5.5,19.1,12.2,1506
Paris (Île-de-France),2025,44,2025-10-27,2025-11-02,7.2,17.3,11.9,1553
Paris (Île-de-France),2025,45,2025-11-03,2025-11-09,6.7,18.5,11.6,1516
Paris (Île-de-France),2025,46,2025-11-10,2025-11-16,6.0,19.7,12.3,1499
Paris (Île-de-France),2025,47,2025-11-17,2025-11-23,-3.8,10.3,3.1,1526
Paris (Île-de-France),2025,48,2025-11-24,2025-11-30,1.1,11.7,7.0,1635
Paris (Île-de-France),2025,49,2025-12-01,2025-12-07,0.2,14.6,7.7,1731
Paris (Île-de-France),2025,50,2025-12-08,2025-12-14,4.2,16.0,9.8,1629
Paris (Île-de-France),2025,51,2025-12-15,2025-12-21,4.5,15.4,9.8,1682
Paris (Île-de-France),2025,52,2025-12-22,2025-12-28,-2.9,9.5,2.4,1704
Paris (Île-de-France),2026,1,2025-12-29,2026-01-04,-4.6,5.8,0.6,1985
Paris (Île-de-France),2026,2,2026-01-05,2026-01-11,-7.6,10.9,1.8,2053
Paris (Île-de-France),2026,3,2026-01-12,2026-01-18,3.5,13.9,9.4,1981
Paris (Île-de-France),2026,4,2026-01-19,2026-01-25,1.6,14.6,7.1,1767
Paris (Île-de-France),2026,5,2026-01-26,2026-02-01,-0.3,11.0,5.8,1735
Paris (Île-de-France),2026,6,2026-02-02,2026-02-08,2.2,13.6,8.4,1620
Paris (Île-de-France),2026,7,2026-02-09,2026-02-15,-1.5,13.5,7.4,1582
Paris (Île-de-France),2026,8,2026-02-16,2026-02-22,2.4,16.4,8.8,1551
Paris (Île-de-France),2026,9,2026-02-23,2026-03-01,3.9,21.2,11.7,1481
Paris (Île-de-France),2026,10,2026-03-02,2026-03-08,4.3,18.5,11.9,1457
Paris (Île-de-France),2026,11,2026-03-09,2026-03-15,-0.6,18.1,9.3,1485
Paris (Île-de-France),2026,12,2026-03-16,2026-03-22,4.7,17.6,11.0,1496
Paris (Île-de-France),2026,13,2026-03-23,2026-03-29,-0.2,18.0,8.4,1482
Paris (Île-de-France),2026,14,2026-03-30,2026-04-05,2.4,18.9,10.5,1505
Paris (Île-de-France),2026,15,2026-04-06,2026-04-12,2.6,26.4,13.3,1464
Paris (Île-de-France),2026,16,2026-04-13,2026-04-19,2.4,22.9,12.9,1468
Paris (Île-de-France),2026,17,2026-04-20,2026-04-26,5.5,23.8,14.1,1388
Paris (Île-de-France),2026,18,2026-04-27,2026-05-03,8.7,25.3,17.0,1470
Paris (Île-de-France),2026,19,2026-05-04,2026-05-10,5.6,24.1,14.2,1421
Paris (Île-de-France),2026,20,2026-05-11,2026-05-17,3.3,16.7,10.5,1420
Paris (Île-de-France),2026,21,2026-05-18,2026-05-24,7.0,31.3,18.1,1534
Paris (Île-de-France),2026,22,2026-05-25,2026-05-31,14.4,33.9,24.8,1685
Paris (Île-de-France),2026,23,2026-06-01,2026-06-07,9.8,26.4,17.1,1420
Paris (Île-de-France),2026,24,2026-06-08,2026-06-14,9.0,28.5,17.7,1389
Paris (Île-de-France),2026,25,2026-06-15,2026-06-21,13.6,36.9,26.2,1464
Paris (Île-de-France),2026,26,2026-06-22,2026-06-28,20.6,40.6,30.6,3167
Paris (Île-de-France),2026,27,2026-06-29,2026-07-05,14.2,31.2,22.4,1754
Paris (Île-de-France),2026,28,2026-07-06,2026-07-12,17.4,36.1,28.2,1356
