City,ISO_Week,Start_Date,End_Date,Deaths,Flag
Madrid (Comunidad de Madrid),2022-W01,2022-01-03,2022-01-09,1153,p
Madrid (Comunidad de Madrid),2022-W02,2022-01-10,2022-01-16,1245,p
Madrid (Comunidad de Madrid),2022-W03,2022-01-17,2022-01-23,1192,p
Madrid (Comunidad de Madrid),2022-W04,2022-01-24,2022-01-30,1165,p
Madrid (Comunidad de Madrid),2022-W05,2022-01-31,2022-02-06,1176,p
Madrid (Comunidad de Madrid),2022-W06,2022-02-07,2022-02-13,1073,p
Madrid (Comunidad de Madrid),2022-W07,2022-02-14,2022-02-20,937,p
Madrid (Comunidad de Madrid),2022-W08,2022-02-21,2022-02-27,920,p
Madrid (Comunidad de Madrid),2022-W09,2022-02-28,2022-03-06,980,p
Madrid (Comunidad de Madrid),2022-W10,2022-03-07,2022-03-13,931,p
Madrid (Comunidad de Madrid),2022-W11,2022-03-14,2022-03-20,912,p
Madrid (Comunidad de Madrid),2022-W12,2022-03-21,2022-03-27,854,p
Madrid (Comunidad de Madrid),2022-W13,2022-03-28,2022-04-03,837,p
Madrid (Comunidad de Madrid),2022-W14,2022-04-04,2022-04-10,893,p
Madrid (Comunidad de Madrid),2022-W15,2022-04-11,2022-04-17,880,p
Madrid (Comunidad de Madrid),2022-W16,2022-04-18,2022-04-24,873,p
Madrid (Comunidad de Madrid),2022-W17,2022-04-25,2022-05-01,878,p
Madrid (Comunidad de Madrid),2022-W18,2022-05-02,2022-05-08,848,p
Madrid (Comunidad de Madrid),2022-W19,2022-05-09,2022-05-15,898,p
Madrid (Comunidad de Madrid),2022-W20,2022-05-16,2022-05-22,892,p
Madrid (Comunidad de Madrid),2022-W21,2022-05-23,2022-05-29,888,p
Madrid (Comunidad de Madrid),2022-W22,2022-05-30,2022-06-05,859,p
Madrid (Comunidad de Madrid),2022-W23,2022-06-06,2022-06-12,924,p
Madrid (Comunidad de Madrid),2022-W24,2022-06-13,2022-06-19,1201,p
Madrid (Comunidad de Madrid),2022-W25,2022-06-20,2022-06-26,1037,p
Madrid (Comunidad de Madrid),2022-W26,2022-06-27,2022-07-03,1076,p
Madrid (Comunidad de Madrid),2022-W27,2022-07-04,2022-07-10,1156,p
Madrid (Comunidad de Madrid),2022-W28,2022-07-11,2022-07-17,1298,p
Madrid (Comunidad de Madrid),2022-W29,2022-07-18,2022-07-24,1315,p
Madrid (Comunidad de Madrid),2022-W30,2022-07-25,2022-07-31,1085,p
Madrid (Comunidad de Madrid),2022-W31,2022-08-01,2022-08-07,1116,p
Madrid (Comunidad de Madrid),2022-W32,2022-08-08,2022-08-14,1054,p
Madrid (Comunidad de Madrid),2022-W33,2022-08-15,2022-08-21,860,p
Madrid (Comunidad de Madrid),2022-W34,2022-08-22,2022-08-28,905,p
Madrid (Comunidad de Madrid),2022-W35,2022-08-29,2022-09-04,819,p
Madrid (Comunidad de Madrid),2022-W36,2022-09-05,2022-09-11,861,p
Madrid (Comunidad de Madrid),2022-W37,2022-09-12,2022-09-18,834,p
Madrid (Comunidad de Madrid),2022-W38,2022-09-19,2022-09-25,758,p
Madrid (Comunidad de Madrid),2022-W39,2022-09-26,2022-10-02,790,p
Madrid (Comunidad de Madrid),2022-W40,2022-10-03,2022-10-09,942,p
Madrid (Comunidad de Madrid),2022-W41,2022-10-10,2022-10-16,869,p
Madrid (Comunidad de Madrid),2022-W42,2022-10-17,2022-10-23,888,p
Madrid (Comunidad de Madrid),2022-W43,2022-10-24,2022-10-30,857,p
Madrid (Comunidad de Madrid),2022-W44,2022-10-31,2022-11-06,876,p
Madrid (Comunidad de Madrid),2022-W45,2022-11-07,2022-11-13,962,p
Madrid (Comunidad de Madrid),2022-W46,2022-11-14,2022-11-20,944,p
Madrid (Comunidad de Madrid),2022-W47,2022-11-21,2022-11-27,928,p
Madrid (Comunidad de Madrid),2022-W48,2022-11-28,2022-12-04,1053,p
Madrid (Comunidad de Madrid),2022-W49,2022-12-05,2022-12-11,1064,p
Madrid (Comunidad de Madrid),2022-W50,2022-12-12,2022-12-18,1042,p
Madrid (Comunidad de Madrid),2022-W51,2022-12-19,2022-12-25,1100,p
Madrid (Comunidad de Madrid),2022-W52,2022-12-26,2023-01-01,1081,p
Madrid (Comunidad de Madrid),2023-W01,2023-01-02,2023-01-08,1113,
Madrid (Comunidad de Madrid),2023-W02,2023-01-09,2023-01-15,1122,
Madrid (Comunidad de Madrid),2023-W03,2023-01-16,2023-01-22,1102,
Madrid (Comunidad de Madrid),2023-W04,2023-01-23,2023-01-29,1006,
Madrid (Comunidad de Madrid),2023-W05,2023-01-30,2023-02-05,1122,
Madrid (Comunidad de Madrid),2023-W06,2023-02-06,2023-02-12,1109,
Madrid (Comunidad de Madrid),2023-W07,2023-02-13,2023-02-19,1068,
Madrid (Comunidad de Madrid),2023-W08,2023-02-20,2023-02-26,1060,
Madrid (Comunidad de Madrid),2023-W09,2023-02-27,2023-03-05,1058,
Madrid (Comunidad de Madrid),2023-W10,2023-03-06,2023-03-12,1105,
Madrid (Comunidad de Madrid),2023-W11,2023-03-13,2023-03-19,1016,
Madrid (Comunidad de Madrid),2023-W12,2023-03-20,2023-03-26,906,
Madrid (Comunidad de Madrid),2023-W13,2023-03-27,2023-04-02,998,
Madrid (Comunidad de Madrid),2023-W14,2023-04-03,2023-04-09,882,
Madrid (Comunidad de Madrid),2023-W15,2023-04-10,2023-04-16,974,
Madrid (Comunidad de Madrid),2023-W16,2023-04-17,2023-04-23,902,
Madrid (Comunidad de Madrid),2023-W17,2023-04-24,2023-04-30,927,
Madrid (Comunidad de Madrid),2023-W18,2023-05-01,2023-05-07,852,
Madrid (Comunidad de Madrid),2023-W19,2023-05-08,2023-05-14,819,
Madrid (Comunidad de Madrid),2023-W20,2023-05-15,2023-05-21,825,
Madrid (Comunidad de Madrid),2023-W21,2023-05-22,2023-05-28,838,
Madrid (Comunidad de Madrid),2023-W22,2023-05-29,2023-06-04,823,
Madrid (Comunidad de Madrid),2023-W23,2023-06-05,2023-06-11,901,
Madrid (Comunidad de Madrid),2023-W24,2023-06-12,2023-06-18,851,
Madrid (Comunidad de Madrid),2023-W25,2023-06-19,2023-06-25,813,
Madrid (Comunidad de Madrid),2023-W26,2023-06-26,2023-07-02,874,
Madrid (Comunidad de Madrid),2023-W27,2023-07-03,2023-07-09,842,
Madrid (Comunidad de Madrid),2023-W28,2023-07-10,2023-07-16,794,
Madrid (Comunidad de Madrid),2023-W29,2023-07-17,2023-07-23,854,
Madrid (Comunidad de Madrid),2023-W30,2023-07-24,2023-07-30,813,
Madrid (Comunidad de Madrid),2023-W31,2023-07-31,2023-08-06,870,
Madrid (Comunidad de Madrid),2023-W32,2023-08-07,2023-08-13,821,
Madrid (Comunidad de Madrid),2023-W33,2023-08-14,2023-08-20,858,
Madrid (Comunidad de Madrid),2023-W34,2023-08-21,2023-08-27,926,
Madrid (Comunidad de Madrid),2023-W35,2023-08-28,2023-09-03,875,
Madrid (Comunidad de Madrid),2023-W36,2023-09-04,2023-09-10,807,
Madrid (Comunidad de Madrid),2023-W37,2023-09-11,2023-09-17,851,
Madrid (Comunidad de Madrid),2023-W38,2023-09-18,2023-09-24,804,
Madrid (Comunidad de Madrid),2023-W39,2023-09-25,2023-10-01,877,
Madrid (Comunidad de Madrid),2023-W40,2023-10-02,2023-10-08,847,
Madrid (Comunidad de Madrid),2023-W41,2023-10-09,2023-10-15,783,
Madrid (Comunidad de Madrid),2023-W42,2023-10-16,2023-10-22,927,
Madrid (Comunidad de Madrid),2023-W43,2023-10-23,2023-10-29,908,
Madrid (Comunidad de Madrid),2023-W44,2023-10-30,2023-11-05,927,
Madrid (Comunidad de Madrid),2023-W45,2023-11-06,2023-11-12,897,
Madrid (Comunidad de Madrid),2023-W46,2023-11-13,2023-11-19,909,
Madrid (Comunidad de Madrid),2023-W47,2023-11-20,2023-11-26,876,
Madrid (Comunidad de Madrid),2023-W48,2023-11-27,2023-12-03,939,
Madrid (Comunidad de Madrid),2023-W49,2023-12-04,2023-12-10,976,
Madrid (Comunidad de Madrid),2023-W50,2023-12-11,2023-12-17,1106,
Madrid (Comunidad de Madrid),2023-W51,2023-12-18,2023-12-24,1150,
Madrid (Comunidad de Madrid),2023-W52,2023-12-25,2023-12-31,1190,
Madrid (Comunidad de Madrid),2024-W01,2024-01-01,2024-01-07,1318,
Madrid (Comunidad de Madrid),2024-W02,2024-01-08,2024-01-14,1316,
Madrid (Comunidad de Madrid),2024-W03,2024-01-15,2024-01-21,1257,
Madrid (Comunidad de Madrid),2024-W04,2024-01-22,2024-01-28,1114,
Madrid (Comunidad de Madrid),2024-W05,2024-01-29,2024-02-04,941,
Madrid (Comunidad de Madrid),2024-W06,2024-02-05,2024-02-11,973,
Madrid (Comunidad de Madrid),2024-W07,2024-02-12,2024-02-18,1045,
Madrid (Comunidad de Madrid),2024-W08,2024-02-19,2024-02-25,972,
Madrid (Comunidad de Madrid),2024-W09,2024-02-26,2024-03-03,941,
Madrid (Comunidad de Madrid),2024-W10,2024-03-04,2024-03-10,987,
Madrid (Comunidad de Madrid),2024-W11,2024-03-11,2024-03-17,915,
Madrid (Comunidad de Madrid),2024-W12,2024-03-18,2024-03-24,988,
Madrid (Comunidad de Madrid),2024-W13,2024-03-25,2024-03-31,886,
Madrid (Comunidad de Madrid),2024-W14,2024-04-01,2024-04-07,908,
Madrid (Comunidad de Madrid),2024-W15,2024-04-08,2024-04-14,874,
Madrid (Comunidad de Madrid),2024-W16,2024-04-15,2024-04-21,922,
Madrid (Comunidad de Madrid),2024-W17,2024-04-22,2024-04-28,913,
Madrid (Comunidad de Madrid),2024-W18,2024-04-29,2024-05-05,906,
Madrid (Comunidad de Madrid),2024-W19,2024-05-06,2024-05-12,957,
Madrid (Comunidad de Madrid),2024-W20,2024-05-13,2024-05-19,912,
Madrid (Comunidad de Madrid),2024-W21,2024-05-20,2024-05-26,936,
Madrid (Comunidad de Madrid),2024-W22,2024-05-27,2024-06-02,898,
Madrid (Comunidad de Madrid),2024-W23,2024-06-03,2024-06-09,939,
Madrid (Comunidad de Madrid),2024-W24,2024-06-10,2024-06-16,842,
Madrid (Comunidad de Madrid),2024-W25,2024-06-17,2024-06-23,872,
Madrid (Comunidad de Madrid),2024-W26,2024-06-24,2024-06-30,835,
Madrid (Comunidad de Madrid),2024-W27,2024-07-01,2024-07-07,872,
Madrid (Comunidad de Madrid),2024-W28,2024-07-08,2024-07-14,871,
Madrid (Comunidad de Madrid),2024-W29,2024-07-15,2024-07-21,885,
Madrid (Comunidad de Madrid),2024-W30,2024-07-22,2024-07-28,940,
Madrid (Comunidad de Madrid),2024-W31,2024-07-29,2024-08-04,953,
Madrid (Comunidad de Madrid),2024-W32,2024-08-05,2024-08-11,998,
Madrid (Comunidad de Madrid),2024-W33,2024-08-12,2024-08-18,880,
Madrid (Comunidad de Madrid),2024-W34,2024-08-19,2024-08-25,844,
Madrid (Comunidad de Madrid),2024-W35,2024-08-26,2024-09-01,876,
Madrid (Comunidad de Madrid),2024-W36,2024-09-02,2024-09-08,799,
Madrid (Comunidad de Madrid),2024-W37,2024-09-09,2024-09-15,815,
Madrid (Comunidad de Madrid),2024-W38,2024-09-16,2024-09-22,870,
Madrid (Comunidad de Madrid),2024-W39,2024-09-23,2024-09-29,797,
Madrid (Comunidad de Madrid),2024-W40,2024-09-30,2024-10-06,866,
Madrid (Comunidad de Madrid),2024-W41,2024-10-07,2024-10-13,840,
Madrid (Comunidad de Madrid),2024-W42,2024-10-14,2024-10-20,891,
Madrid (Comunidad de Madrid),2024-W43,2024-10-21,2024-10-27,902,
Madrid (Comunidad de Madrid),2024-W44,2024-10-28,2024-11-03,917,
Madrid (Comunidad de Madrid),2024-W45,2024-11-04,2024-11-10,954,
Madrid (Comunidad de Madrid),2024-W46,2024-11-11,2024-11-17,933,
Madrid (Comunidad de Madrid),2024-W47,2024-11-18,2024-11-24,926,
Madrid (Comunidad de Madrid),2024-W48,2024-11-25,2024-12-01,908,
Madrid (Comunidad de Madrid),2024-W49,2024-12-02,2024-12-08,990,
Madrid (Comunidad de Madrid),2024-W50,2024-12-09,2024-12-15,1021,
Madrid (Comunidad de Madrid),2024-W51,2024-12-16,2024-12-22,1143,
Madrid (Comunidad de Madrid),2024-W52,2024-12-23,2024-12-29,1074,
Madrid (Comunidad de Madrid),2025-W01,2024-12-30,2025-01-05,1088,p
Madrid (Comunidad de Madrid),2025-W02,2025-01-06,2025-01-12,1166,p
Madrid (Comunidad de Madrid),2025-W03,2025-01-13,2025-01-19,1194,p
Madrid (Comunidad de Madrid),2025-W04,2025-01-20,2025-01-26,1124,p
Madrid (Comunidad de Madrid),2025-W05,2025-01-27,2025-02-02,1099,p
Madrid (Comunidad de Madrid),2025-W06,2025-02-03,2025-02-09,1062,p
Madrid (Comunidad de Madrid),2025-W07,2025-02-10,2025-02-16,1005,p
Madrid (Comunidad de Madrid),2025-W08,2025-02-17,2025-02-23,959,p
Madrid (Comunidad de Madrid),2025-W09,2025-02-24,2025-03-02,1011,p
Madrid (Comunidad de Madrid),2025-W10,2025-03-03,2025-03-09,958,p
Madrid (Comunidad de Madrid),2025-W11,2025-03-10,2025-03-16,934,p
Madrid (Comunidad de Madrid),2025-W12,2025-03-17,2025-03-23,920,p
Madrid (Comunidad de Madrid),2025-W13,2025-03-24,2025-03-30,922,p
Madrid (Comunidad de Madrid),2025-W14,2025-03-31,2025-04-06,950,p
Madrid (Comunidad de Madrid),2025-W15,2025-04-07,2025-04-13,978,p
Madrid (Comunidad de Madrid),2025-W16,2025-04-14,2025-04-20,866,p
Madrid (Comunidad de Madrid),2025-W17,2025-04-21,2025-04-27,927,p
Madrid (Comunidad de Madrid),2025-W18,2025-04-28,2025-05-04,921,p
Madrid (Comunidad de Madrid),2025-W19,2025-05-05,2025-05-11,875,p
Madrid (Comunidad de Madrid),2025-W20,2025-05-12,2025-05-18,889,p
Madrid (Comunidad de Madrid),2025-W21,2025-05-19,2025-05-25,882,p
Madrid (Comunidad de Madrid),2025-W22,2025-05-26,2025-06-01,984,p
Madrid (Comunidad de Madrid),2025-W23,2025-06-02,2025-06-08,949,p
Madrid (Comunidad de Madrid),2025-W24,2025-06-09,2025-06-15,892,p
Madrid (Comunidad de Madrid),2025-W25,2025-06-16,2025-06-22,998,p
Madrid (Comunidad de Madrid),2025-W26,2025-06-23,2025-06-29,960,p
Madrid (Comunidad de Madrid),2025-W27,2025-06-30,2025-07-06,976,p
Madrid (Comunidad de Madrid),2025-W28,2025-07-07,2025-07-13,898,p
Madrid (Comunidad de Madrid),2025-W29,2025-07-14,2025-07-20,865,p
Madrid (Comunidad de Madrid),2025-W30,2025-07-21,2025-07-27,839,p
Madrid (Comunidad de Madrid),2025-W31,2025-07-28,2025-08-03,811,p
Madrid (Comunidad de Madrid),2025-W32,2025-08-04,2025-08-10,895,p
Madrid (Comunidad de Madrid),2025-W33,2025-08-11,2025-08-17,1017,p
Madrid (Comunidad de Madrid),2025-W34,2025-08-18,2025-08-24,970,p
Madrid (Comunidad de Madrid),2025-W35,2025-08-25,2025-08-31,888,p
Madrid (Comunidad de Madrid),2025-W36,2025-09-01,2025-09-07,819,p
Madrid (Comunidad de Madrid),2025-W37,2025-09-08,2025-09-14,859,p
Madrid (Comunidad de Madrid),2025-W38,2025-09-15,2025-09-21,859,p
Madrid (Comunidad de Madrid),2025-W39,2025-09-22,2025-09-28,883,p
Madrid (Comunidad de Madrid),2025-W40,2025-09-29,2025-10-05,879,p
Madrid (Comunidad de Madrid),2025-W41,2025-10-06,2025-10-12,901,p
Madrid (Comunidad de Madrid),2025-W42,2025-10-13,2025-10-19,934,p
Madrid (Comunidad de Madrid),2025-W43,2025-10-20,2025-10-26,907,p
Madrid (Comunidad de Madrid),2025-W44,2025-10-27,2025-11-02,878,p
Madrid (Comunidad de Madrid),2025-W45,2025-11-03,2025-11-09,969,p
Madrid (Comunidad de Madrid),2025-W46,2025-11-10,2025-11-16,981,p
Madrid (Comunidad de Madrid),2025-W47,2025-11-17,2025-11-23,962,p
Madrid (Comunidad de Madrid),2025-W48,2025-11-24,2025-11-30,1093,p
Madrid (Comunidad de Madrid),2025-W49,2025-12-01,2025-12-07,1121,p
Madrid (Comunidad de Madrid),2025-W50,2025-12-08,2025-12-14,1138,p
Madrid (Comunidad de Madrid),2025-W51,2025-12-15,2025-12-21,1174,p
Madrid (Comunidad de Madrid),2025-W52,2025-12-22,2025-12-28,1106,p
Madrid (Comunidad de Madrid),2026-W01,2025-12-29,2026-01-04,1154,p
Madrid (Comunidad de Madrid),2026-W02,2026-01-05,2026-01-11,1121,p
Madrid (Comunidad de Madrid),2026-W03,2026-01-12,2026-01-18,1139,p
Madrid (Comunidad de Madrid),2026-W04,2026-01-19,2026-01-25,1073,p
Madrid (Comunidad de Madrid),2026-W05,2026-01-26,2026-02-01,1056,p
Madrid (Comunidad de Madrid),2026-W06,2026-02-02,2026-02-08,1049,p
Madrid (Comunidad de Madrid),2026-W07,2026-02-09,2026-02-15,1018,p
Madrid (Comunidad de Madrid),2026-W08,2026-02-16,2026-02-22,977,p
Madrid (Comunidad de Madrid),2026-W09,2026-02-23,2026-03-01,1021,p
Madrid (Comunidad de Madrid),2026-W10,2026-03-02,2026-03-08,965,p
Madrid (Comunidad de Madrid),2026-W11,2026-03-09,2026-03-15,967,p
Madrid (Comunidad de Madrid),2026-W12,2026-03-16,2026-03-22,996,p
Madrid (Comunidad de Madrid),2026-W13,2026-03-23,2026-03-29,922,p
Madrid (Comunidad de Madrid),2026-W14,2026-03-30,2026-04-05,951,p
Madrid (Comunidad de Madrid),2026-W15,2026-04-06,2026-04-12,1018,p
Madrid (Comunidad de Madrid),2026-W16,2026-04-13,2026-04-19,983,p
Madrid (Comunidad de Madrid),2026-W17,2026-04-20,2026-04-26,953,p
Madrid (Comunidad de Madrid),2026-W18,2026-04-27,2026-05-03,853,p
Madrid (Comunidad de Madrid),2026-W19,2026-05-04,2026-05-10,872,p
Madrid (Comunidad de Madrid),2026-W20,2026-05-11,2026-05-17,894,p
Madrid (Comunidad de Madrid),2026-W21,2026-05-18,2026-05-24,903,p
Madrid (Comunidad de Madrid),2026-W22,2026-05-25,2026-05-31,1002,p
Madrid (Comunidad de Madrid),2026-W23,2026-06-01,2026-06-07,856,p
Madrid (Comunidad de Madrid),2026-W24,2026-06-08,2026-06-14,845,p
Madrid (Comunidad de Madrid),2026-W25,2026-06-15,2026-06-21,863,p
Madrid (Comunidad de Madrid),2026-W26,2026-06-22,2026-06-28,949,p
Madrid (Comunidad de Madrid),2026-W27,2026-06-29,2026-07-05,932,p
Paris (Île-de-France),2022-W01,2022-01-03,2022-01-09,1936,p
Paris (Île-de-France),2022-W02,2022-01-10,2022-01-16,2124,p
Paris (Île-de-France),2022-W03,2022-01-17,2022-01-23,2056,p
Paris (Île-de-France),2022-W04,2022-01-24,2022-01-30,2061,p
Paris (Île-de-France),2022-W05,2022-01-31,2022-02-06,1927,p
Paris (Île-de-France),2022-W06,2022-02-07,2022-02-13,1699,p
Paris (Île-de-France),2022-W07,2022-02-14,2022-02-20,1623,p
Paris (Île-de-France),2022-W08,2022-02-21,2022-02-27,1509,p
Paris (Île-de-France),2022-W09,2022-02-28,2022-03-06,1563,p
Paris (Île-de-France),2022-W10,2022-03-07,2022-03-13,1490,p
Paris (Île-de-France),2022-W11,2022-03-14,2022-03-20,1509,p
Paris (Île-de-France),2022-W12,2022-03-21,2022-03-27,1492,p
Paris (Île-de-France),2022-W13,2022-03-28,2022-04-03,1622,p
Paris (Île-de-France),2022-W14,2022-04-04,2022-04-10,1606,p
Paris (Île-de-France),2022-W15,2022-04-11,2022-04-17,1656,p
Paris (Île-de-France),2022-W16,2022-04-18,2022-04-24,1524,p
Paris (Île-de-France),2022-W17,2022-04-25,2022-05-01,1532,p
Paris (Île-de-France),2022-W18,2022-05-02,2022-05-08,1533,p
Paris (Île-de-France),2022-W19,2022-05-09,2022-05-15,1411,p
Paris (Île-de-France),2022-W20,2022-05-16,2022-05-22,1479,p
Paris (Île-de-France),2022-W21,2022-05-23,2022-05-29,1309,p
Paris (Île-de-France),2022-W22,2022-05-30,2022-06-05,1436,p
Paris (Île-de-France),2022-W23,2022-06-06,2022-06-12,1333,p
Paris (Île-de-France),2022-W24,2022-06-13,2022-06-19,1447,p
Paris (Île-de-France),2022-W25,2022-06-20,2022-06-26,1275,p
Paris (Île-de-France),2022-W26,2022-06-27,2022-07-03,1371,p
Paris (Île-de-France),2022-W27,2022-07-04,2022-07-10,1382,p
Paris (Île-de-France),2022-W28,2022-07-11,2022-07-17,1538,p
Paris (Île-de-France),2022-W29,2022-07-18,2022-07-24,1598,p
Paris (Île-de-France),2022-W30,2022-07-25,2022-07-31,1324,p
Paris (Île-de-France),2022-W31,2022-08-01,2022-08-07,1393,p
Paris (Île-de-France),2022-W32,2022-08-08,2022-08-14,1390,p
Paris (Île-de-France),2022-W33,2022-08-15,2022-08-21,1323,p
Paris (Île-de-France),2022-W34,2022-08-22,2022-08-28,1367,p
Paris (Île-de-France),2022-W35,2022-08-29,2022-09-04,1330,p
Paris (Île-de-France),2022-W36,2022-09-05,2022-09-11,1307,p
Paris (Île-de-France),2022-W37,2022-09-12,2022-09-18,1338,p
Paris (Île-de-France),2022-W38,2022-09-19,2022-09-25,1425,p
Paris (Île-de-France),2022-W39,2022-09-26,2022-10-02,1592,p
Paris (Île-de-France),2022-W40,2022-10-03,2022-10-09,1635,p
Paris (Île-de-France),2022-W41,2022-10-10,2022-10-16,1668,p
Paris (Île-de-France),2022-W42,2022-10-17,2022-10-23,1632,p
Paris (Île-de-France),2022-W43,2022-10-24,2022-10-30,1631,p
Paris (Île-de-France),2022-W44,2022-10-31,2022-11-06,1547,p
Paris (Île-de-France),2022-W45,2022-11-07,2022-11-13,1580,p
Paris (Île-de-France),2022-W46,2022-11-14,2022-11-20,1638,p
Paris (Île-de-France),2022-W47,2022-11-21,2022-11-27,1686,p
Paris (Île-de-France),2022-W48,2022-11-28,2022-12-04,1661,p
Paris (Île-de-France),2022-W49,2022-12-05,2022-12-11,1828,p
Paris (Île-de-France),2022-W50,2022-12-12,2022-12-18,1998,p
Paris (Île-de-France),2022-W51,2022-12-19,2022-12-25,2314,p
Paris (Île-de-France),2022-W52,2022-12-26,2023-01-01,2271,p
Paris (Île-de-France),2023-W01,2023-01-02,2023-01-08,2040,p
Paris (Île-de-France),2023-W02,2023-01-09,2023-01-15,1787,p
Paris (Île-de-France),2023-W03,2023-01-16,2023-01-22,1662,p
Paris (Île-de-France),2023-W04,2023-01-23,2023-01-29,1664,p
Paris (Île-de-France),2023-W05,2023-01-30,2023-02-05,1614,p
Paris (Île-de-France),2023-W06,2023-02-06,2023-02-12,1549,p
Paris (Île-de-France),2023-W07,2023-02-13,2023-02-19,1594,p
Paris (Île-de-France),2023-W08,2023-02-20,2023-02-26,1598,p
Paris (Île-de-France),2023-W09,2023-02-27,2023-03-05,1590,p
Paris (Île-de-France),2023-W10,2023-03-06,2023-03-12,1640,p
Paris (Île-de-France),2023-W11,2023-03-13,2023-03-19,1540,p
Paris (Île-de-France),2023-W12,2023-03-20,2023-03-26,1520,p
Paris (Île-de-France),2023-W13,2023-03-27,2023-04-02,1535,p
Paris (Île-de-France),2023-W14,2023-04-03,2023-04-09,1487,p
Paris (Île-de-France),2023-W15,2023-04-10,2023-04-16,1457,p
Paris (Île-de-France),2023-W16,2023-04-17,2023-04-23,1505,p
Paris (Île-de-France),2023-W17,2023-04-24,2023-04-30,1520,p
Paris (Île-de-France),2023-W18,2023-05-01,2023-05-07,1399,p
Paris (Île-de-France),2023-W19,2023-05-08,2023-05-14,1460,p
Paris (Île-de-France),2023-W20,2023-05-15,2023-05-21,1439,p
Paris (Île-de-France),2023-W21,2023-05-22,2023-05-28,1432,p
Paris (Île-de-France),2023-W22,2023-05-29,2023-06-04,1376,p
Paris (Île-de-France),2023-W23,2023-06-05,2023-06-11,1492,p
Paris (Île-de-France),2023-W24,2023-06-12,2023-06-18,1412,p
Paris (Île-de-France),2023-W25,2023-06-19,2023-06-25,1343,p
Paris (Île-de-France),2023-W26,2023-06-26,2023-07-02,1274,p
Paris (Île-de-France),2023-W27,2023-07-03,2023-07-09,1368,p
Paris (Île-de-France),2023-W28,2023-07-10,2023-07-16,1325,p
Paris (Île-de-France),2023-W29,2023-07-17,2023-07-23,1290,p
Paris (Île-de-France),2023-W30,2023-07-24,2023-07-30,1296,p
Paris (Île-de-France),2023-W31,2023-07-31,2023-08-06,1262,p
Paris (Île-de-France),2023-W32,2023-08-07,2023-08-13,1338,p
Paris (Île-de-France),2023-W33,2023-08-14,2023-08-20,1342,p
Paris (Île-de-France),2023-W34,2023-08-21,2023-08-27,1355,p
Paris (Île-de-France),2023-W35,2023-08-28,2023-09-03,1349,p
Paris (Île-de-France),2023-W36,2023-09-04,2023-09-10,1457,p
Paris (Île-de-France),2023-W37,2023-09-11,2023-09-17,1381,p
Paris (Île-de-France),2023-W38,2023-09-18,2023-09-24,1307,p
Paris (Île-de-France),2023-W39,2023-09-25,2023-10-01,1420,p
Paris (Île-de-France),2023-W40,2023-10-02,2023-10-08,1424,p
Paris (Île-de-France),2023-W41,2023-10-09,2023-10-15,1483,p
Paris (Île-de-France),2023-W42,2023-10-16,2023-10-22,1566,p
Paris (Île-de-France),2023-W43,2023-10-23,2023-10-29,1602,p
Paris (Île-de-France),2023-W44,2023-10-30,2023-11-05,1642,p
Paris (Île-de-France),2023-W45,2023-11-06,2023-11-12,1547,p
Paris (Île-de-France),2023-W46,2023-11-13,2023-11-19,1586,p
Paris (Île-de-France),2023-W47,2023-11-20,2023-11-26,1549,p
Paris (Île-de-France),2023-W48,2023-11-27,2023-12-03,1611,p
Paris (Île-de-France),2023-W49,2023-12-04,2023-12-10,1752,p
Paris (Île-de-France),2023-W50,2023-12-11,2023-12-17,1721,p
Paris (Île-de-France),2023-W51,2023-12-18,2023-12-24,1793,p
Paris (Île-de-France),2023-W52,2023-12-25,2023-12-31,1699,p
Paris (Île-de-France),2024-W01,2024-01-01,2024-01-07,1791,p
Paris (Île-de-France),2024-W02,2024-01-08,2024-01-14,1771,p
Paris (Île-de-France),2024-W03,2024-01-15,2024-01-21,1886,p
Paris (Île-de-France),2024-W04,2024-01-22,2024-01-28,1895,p
Paris (Île-de-France),2024-W05,2024-01-29,2024-02-04,1798,p
Paris (Île-de-France),2024-W06,2024-02-05,2024-02-11,1688,p
Paris (Île-de-France),2024-W07,2024-02-12,2024-02-18,1575,p
Paris (Île-de-France),2024-W08,2024-02-19,2024-02-25,1614,p
Paris (Île-de-France),2024-W09,2024-02-26,2024-03-03,1565,p
Paris (Île-de-France),2024-W10,2024-03-04,2024-03-10,1619,p
Paris (Île-de-France),2024-W11,2024-03-11,2024-03-17,1545,p
Paris (Île-de-France),2024-W12,2024-03-18,2024-03-24,1469,p
Paris (Île-de-France),2024-W13,2024-03-25,2024-03-31,1479,p
Paris (Île-de-France),2024-W14,2024-04-01,2024-04-07,1530,p
Paris (Île-de-France),2024-W15,2024-04-08,2024-04-14,1405,p
Paris (Île-de-France),2024-W16,2024-04-15,2024-04-21,1357,p
Paris (Île-de-France),2024-W17,2024-04-22,2024-04-28,1452,p
Paris (Île-de-France),2024-W18,2024-04-29,2024-05-05,1436,p
Paris (Île-de-France),2024-W19,2024-05-06,2024-05-12,1360,p
Paris (Île-de-France),2024-W20,2024-05-13,2024-05-19,1417,p
Paris (Île-de-France),2024-W21,2024-05-20,2024-05-26,1436,p
Paris (Île-de-France),2024-W22,2024-05-27,2024-06-02,1421,p
Paris (Île-de-France),2024-W23,2024-06-03,2024-06-09,1476,p
Paris (Île-de-France),2024-W24,2024-06-10,2024-06-16,1476,p
Paris (Île-de-France),2024-W25,2024-06-17,2024-06-23,1489,p
Paris (Île-de-France),2024-W26,2024-06-24,2024-06-30,1519,p
Paris (Île-de-France),2024-W27,2024-07-01,2024-07-07,1308,p
Paris (Île-de-France),2024-W28,2024-07-08,2024-07-14,1431,p
Paris (Île-de-France),2024-W29,2024-07-15,2024-07-21,1470,p
Paris (Île-de-France),2024-W30,2024-07-22,2024-07-28,1301,p
Paris (Île-de-France),2024-W31,2024-07-29,2024-08-04,1366,p
Paris (Île-de-France),2024-W32,2024-08-05,2024-08-11,1261,p
Paris (Île-de-France),2024-W33,2024-08-12,2024-08-18,1326,p
Paris (Île-de-France),2024-W34,2024-08-19,2024-08-25,1344,p
Paris (Île-de-France),2024-W35,2024-08-26,2024-09-01,1320,p
Paris (Île-de-France),2024-W36,2024-09-02,2024-09-08,1355,p
Paris (Île-de-France),2024-W37,2024-09-09,2024-09-15,1336,p
Paris (Île-de-France),2024-W38,2024-09-16,2024-09-22,1498,p
Paris (Île-de-France),2024-W39,2024-09-23,2024-09-29,1418,p
Paris (Île-de-France),2024-W40,2024-09-30,2024-10-06,1588,p
Paris (Île-de-France),2024-W41,2024-10-07,2024-10-13,1654,p
Paris (Île-de-France),2024-W42,2024-10-14,2024-10-20,1529,p
Paris (Île-de-France),2024-W43,2024-10-21,2024-10-27,1542,p
Paris (Île-de-France),2024-W44,2024-10-28,2024-11-03,1512,p
Paris (Île-de-France),2024-W45,2024-11-04,2024-11-10,1475,p
Paris (Île-de-France),2024-W46,2024-11-11,2024-11-17,1504,p
Paris (Île-de-France),2024-W47,2024-11-18,2024-11-24,1682,p
Paris (Île-de-France),2024-W48,2024-11-25,2024-12-01,1650,p
Paris (Île-de-France),2024-W49,2024-12-02,2024-12-08,1633,p
Paris (Île-de-France),2024-W50,2024-12-09,2024-12-15,1675,p
Paris (Île-de-France),2024-W51,2024-12-16,2024-12-22,1845,p
Paris (Île-de-France),2024-W52,2024-12-23,2024-12-29,1859,p
Paris (Île-de-France),2025-W01,2024-12-30,2025-01-05,1987,p
Paris (Île-de-France),2025-W02,2025-01-06,2025-01-12,2050,p
Paris (Île-de-France),2025-W03,2025-01-13,2025-01-19,1914,p
Paris (Île-de-France),2025-W04,2025-01-20,2025-01-26,2010,p
Paris (Île-de-France),2025-W05,2025-01-27,2025-02-02,1874,p
Paris (Île-de-France),2025-W06,2025-02-03,2025-02-09,1718,p
Paris (Île-de-France),2025-W07,2025-02-10,2025-02-16,1723,p
Paris (Île-de-France),2025-W08,2025-02-17,2025-02-23,1745,p
Paris (Île-de-France),2025-W09,2025-02-24,2025-03-02,1637,p
Paris (Île-de-France),2025-W10,2025-03-03,2025-03-09,1672,p
Paris (Île-de-France),2025-W11,2025-03-10,2025-03-16,1530,p
Paris (Île-de-France),2025-W12,2025-03-17,2025-03-23,1591,p
Paris (Île-de-France),2025-W13,2025-03-24,2025-03-30,1498,p
Paris (Île-de-France),2025-W14,2025-03-31,2025-04-06,1511,p
Paris (Île-de-France),2025-W15,2025-04-07,2025-04-13,1491,p
Paris (Île-de-France),2025-W16,2025-04-14,2025-04-20,1452,p
Paris (Île-de-France),2025-W17,2025-04-21,2025-04-27,1390,p
Paris (Île-de-France),2025-W18,2025-04-28,2025-05-04,1488,p
Paris (Île-de-France),2025-W19,2025-05-05,2025-05-11,1333,p
Paris (Île-de-France),2025-W20,2025-05-12,2025-05-18,1439,p
Paris (Île-de-France),2025-W21,2025-05-19,2025-05-25,1419,p
Paris (Île-de-France),2025-W22,2025-05-26,2025-06-01,1472,p
Paris (Île-de-France),2025-W23,2025-06-02,2025-06-08,1375,p
Paris (Île-de-France),2025-W24,2025-06-09,2025-06-15,1419,p
Paris (Île-de-France),2025-W25,2025-06-16,2025-06-22,1372,p
Paris (Île-de-France),2025-W26,2025-06-23,2025-06-29,1404,p
Paris (Île-de-France),2025-W27,2025-06-30,2025-07-06,1401,p
Paris (Île-de-France),2025-W28,2025-07-07,2025-07-13,1335,p
Paris (Île-de-France),2025-W29,2025-07-14,2025-07-20,1345,p
Paris (Île-de-France),2025-W30,2025-07-21,2025-07-27,1281,p
Paris (Île-de-France),2025-W31,2025-07-28,2025-08-03,1278,p
Paris (Île-de-France),2025-W32,2025-08-04,2025-08-10,1359,p
Paris (Île-de-France),2025-W33,2025-08-11,2025-08-17,1420,p
Paris (Île-de-France),2025-W34,2025-08-18,2025-08-24,1341,p
Paris (Île-de-France),2025-W35,2025-08-25,2025-08-31,1294,p
Paris (Île-de-France),2025-W36,2025-09-01,2025-09-07,1330,p
Paris (Île-de-France),2025-W37,2025-09-08,2025-09-14,1350,p
Paris (Île-de-France),2025-W38,2025-09-15,2025-09-21,1474,p
Paris (Île-de-France),2025-W39,2025-09-22,2025-09-28,1371,p
Paris (Île-de-France),2025-W40,2025-09-29,2025-10-05,1572,p
Paris (Île-de-France),2025-W41,2025-10-06,2025-10-12,1563,p
Paris (Île-de-France),2025-W42,2025-10-13,2025-10-19,1564,p
Paris (Île-de-France),2025-W43,2025-10-20,2025-10-26,1506,p
Paris (Île-de-France),2025-W44,2025-10-27,2025-11-02,1553,p
Paris (Île-de-France),2025-W45,2025-11-03,2025-11-09,1516,p
Paris (Île-de-France),2025-W46,2025-11-10,2025-11-16,1499,p
Paris (Île-de-France),2025-W47,2025-11-17,2025-11-23,1526,p
Paris (Île-de-France),2025-W48,2025-11-24,2025-11-30,1635,p
Paris (Île-de-France),2025-W49,2025-12-01,2025-12-07,1731,p
Paris (Île-de-France),2025-W50,2025-12-08,2025-12-14,1629,p
Paris (Île-de-France),2025-W51,2025-12-15,2025-12-21,1682,p
Paris (Île-de-France),2025-W52,2025-12-22,2025-12-28,1704,p
Paris (Île-de-France),2026-W01,2025-12-29,2026-01-04,1985,p
Paris (Île-de-France),2026-W02,2026-01-05,2026-01-11,2053,p
Paris (Île-de-France),2026-W03,2026-01-12,2026-01-18,1981,p
Paris (Île-de-France),2026-W04,2026-01-19,2026-01-25,1767,p
Paris (Île-de-France),2026-W05,2026-01-26,2026-02-01,1735,p
Paris (Île-de-France),2026-W06,2026-02-02,2026-02-08,1620,p
Paris (Île-de-France),2026-W07,2026-02-09,2026-02-15,1582,p
Paris (Île-de-France),2026-W08,2026-02-16,2026-02-22,1551,p
Paris (Île-de-France),2026-W09,2026-02-23,2026-03-01,1481,p
Paris (Île-de-France),2026-W10,2026-03-02,2026-03-08,1457,p
Paris (Île-de-France),2026-W11,2026-03-09,2026-03-15,1485,p
Paris (Île-de-France),2026-W12,2026-03-16,2026-03-22,1496,p
Paris (Île-de-France),2026-W13,2026-03-23,2026-03-29,1482,p
Paris (Île-de-France),2026-W14,2026-03-30,2026-04-05,1505,p
Paris (Île-de-France),2026-W15,2026-04-06,2026-04-12,1464,p
Paris (Île-de-France),2026-W16,2026-04-13,2026-04-19,1468,p
Paris (Île-de-France),2026-W17,2026-04-20,2026-04-26,1388,p
Paris (Île-de-France),2026-W18,2026-04-27,2026-05-03,1470,p
Paris (Île-de-France),2026-W19,2026-05-04,2026-05-10,1421,p
Paris (Île-de-France),2026-W20,2026-05-11,2026-05-17,1420,p
Paris (Île-de-France),2026-W21,2026-05-18,2026-05-24,1534,p
Paris (Île-de-France),2026-W22,2026-05-25,2026-05-31,1685,p
Paris (Île-de-France),2026-W23,2026-06-01,2026-06-07,1420,p
Paris (Île-de-France),2026-W24,2026-06-08,2026-06-14,1389,p
Paris (Île-de-France),2026-W25,2026-06-15,2026-06-21,1464,p
Paris (Île-de-France),2026-W26,2026-06-22,2026-06-28,3167,p
Paris (Île-de-France),2026-W27,2026-06-29,2026-07-05,1754,p
Paris (Île-de-France),2026-W28,2026-07-06,2026-07-12,1356,p
